sentiment,size
0.018210526315789476,57
-0.04110857142857142,35
0.0,1
