day,positive,trust,joy,love,optimism,negative,pessimism,sadness,surprise,anger,anticipation,disgust,fear,size
2020-09-10,0.1955288409565886,0.03662744315806776,0.0566480605242153,0.008148459407190481,0.16191478973875442,0.7777669702967008,0.09020729782059789,0.2839255904157956,0.05204551744585236,0.5687675606459379,0.31944143244375783,0.5711394635339578,0.08514296573897202,6
