day,positive,trust,joy,love,optimism,negative,pessimism,sadness,surprise,anger,anticipation,disgust,fear,size
2020-09-25,0.2423206977546215,0.02607812266796828,0.14320234823971986,0.006446904758922756,0.15770010463893414,0.7682501435279846,0.07106185294687747,0.1315235823392868,0.05768729262053966,0.3605901196599007,0.25710044875741006,0.38160170912742614,0.42197472862899305,5
