day,positive,trust,joy,love,optimism,negative,pessimism,sadness,surprise,anger,anticipation,disgust,fear,size
2020-08-30,0.8499796986579895,0.0879783295094967,0.6804051399230957,0.14363818056881428,0.5642757415771484,0.2060024682432413,0.010071046650409698,0.09061217121779919,0.08045288175344467,0.04604953154921532,0.2042900398373604,0.057423608377575874,0.014959068736061459,2
