day,positive,trust,joy,love,optimism,negative,pessimism,sadness,surprise,anger,anticipation,disgust,fear,size
2020-10-23,0.06565677374601364,0.009985281620174646,0.048926759511232376,0.0064379138639196745,0.032508453354239464,0.9852888286113739,0.058688463643193245,0.3421146646142006,0.044378030113875866,0.9535845220088959,0.07675433345139027,0.9378856718540192,0.02888642530888319,2
