day,positive,trust,joy,love,optimism,negative,pessimism,sadness,surprise,anger,anticipation,disgust,fear,size
2020-08-31,0.43187722098082304,0.025421878905035555,0.3874275723937899,0.052033828949788585,0.18248890340328214,0.5725270491093397,0.12640300090424716,0.3037035441957414,0.1182699822820723,0.27149973902851343,0.17566887941211462,0.3480924619361758,0.031981166917830706,4
