day,positive,trust,joy,love,optimism,negative,pessimism,sadness,surprise,anger,anticipation,disgust,fear,size
2020-11-03,0.3015020601451397,0.038985081715509295,0.14878999069333076,0.014827042119577527,0.11390312761068344,0.7505872845649719,0.05936731165274978,0.31447573471814394,0.28431560983881354,0.5255083693191409,0.24883337691426277,0.5445212544873357,0.09429504768922926,4
