day,positive,trust,joy,love,optimism,negative,pessimism,sadness,surprise,anger,anticipation,disgust,fear,size
2020-08-30,0.09718568809330463,0.018786009517498314,0.06916256342083216,0.005320067313732579,0.06607363978400826,0.6877861842513084,0.030513561330735687,0.09436498302966356,0.04416809440590441,0.5785977020859718,0.14715720526874063,0.5580942314118147,0.048749308567494154,4
