day,positive,trust,joy,love,optimism,negative,pessimism,sadness,surprise,anger,anticipation,disgust,fear,size
2020-09-10,0.4417796051129699,0.08657902680958311,0.2975834996129076,0.012618982698768377,0.25513812294229865,0.45485412577788037,0.030498879651228588,0.10652083375801642,0.13249314902350307,0.2396575100719929,0.44313971015314263,0.2521769953891635,0.0489128620053331,6
