day,positive,trust,joy,love,optimism,negative,pessimism,sadness,surprise,anger,anticipation,disgust,fear,size
2020-08-19,0.403984139362971,0.06619859517862399,0.2553203801314036,0.015515315035978952,0.16923046857118607,0.4027300799886386,0.028017841279506683,0.166552122682333,0.14806765069564184,0.28949279089768726,0.5542387465635935,0.3003661185503006,0.02796312856177489,3
