day,positive,trust,joy,love,optimism,negative,pessimism,sadness,surprise,anger,anticipation,disgust,fear,size
2020-09-25,0.3270387848218282,0.037382794970956944,0.2973564841086045,0.12653972515060255,0.1864175443382313,0.5953061369558176,0.08203689684160054,0.2510915109887719,0.0625438653708746,0.45263808174058795,0.18308978605394563,0.477227925711001,0.07937042659614235,12
