day,positive,trust,joy,love,optimism,negative,pessimism,sadness,surprise,anger,anticipation,disgust,fear,size
2020-10-23,0.23964653462171553,0.038974196277558805,0.10175346937030554,0.006624949467368424,0.1966465126723051,0.6374173641204834,0.09523498862981795,0.2169636845588684,0.12347212135791778,0.2375381276011467,0.38506472259759905,0.31819597631692886,0.11000029742717743,5
