day,positive,trust,joy,love,optimism,negative,pessimism,sadness,surprise,anger,anticipation,disgust,fear,size
2020-08-31,0.7612755596637726,0.1365787424147129,0.5370147451758385,0.034661585465073586,0.3466559797525406,0.22964193299412725,0.024884004611521963,0.02286843117326498,0.1239507049322128,0.035138186533004045,0.757368266582489,0.047590323723852634,0.10107552725821733,2
