sentiment,size
-0.04666446280991735,121
-0.11471956521739131,92
-0.09605833333333332,12
