day,positive,trust,joy,love,optimism,negative,pessimism,sadness,surprise,anger,anticipation,disgust,fear,size
2020-09-25,0.30653030797839165,0.04895704984664917,0.2175114518031477,0.008261062670499088,0.2270483374595642,0.8812384307384491,0.052989949472248554,0.06953489035367966,0.05225455015897751,0.3478123378008604,0.33854003995656967,0.41507188975811005,0.4737928370013833,2
