day,positive,trust,joy,love,optimism,negative,pessimism,sadness,surprise,anger,anticipation,disgust,fear,size
2020-09-10,0.09921936690807343,0.012621328545113405,0.05716771880785623,0.00621116782228152,0.061406545030574,0.9521235227584839,0.08695888022581737,0.2342255711555481,0.02204054531951745,0.6564493129650751,0.10721432293454806,0.6757290959358215,0.32367742496232194,3
