day,positive,trust,joy,love,optimism,negative,pessimism,sadness,surprise,anger,anticipation,disgust,fear,size
2020-08-19,0.9546610713005066,0.2989891767501831,0.8438246250152588,0.063788041472435,0.7846515774726868,0.1815029978752136,0.01800709217786789,0.049250684678554535,0.19621604681015006,0.04778831824660301,0.6814388632774353,0.06315144151449202,0.07080517709255219,1
