day,positive,trust,joy,love,optimism,negative,pessimism,sadness,surprise,anger,anticipation,disgust,fear,size
2020-09-10,0.08112908154726027,0.012800497934222221,0.06793650239706038,0.007896375143900514,0.04195639444515109,0.9519014954566956,0.0642985850572586,0.22399507462978366,0.027288312092423432,0.5643995031714439,0.10998069681227207,0.568212628364563,0.4118718197569251,2
