day,positive,trust,joy,love,optimism,negative,pessimism,sadness,surprise,anger,anticipation,disgust,fear,size
2020-08-31,0.7231388092041016,0.03654567524790764,0.5730229616165161,0.028278995305299762,0.22161363065242767,0.2347169220447541,0.01428849995136261,0.053702812641859055,0.053349141031503684,0.09096135944128036,0.3950559198856354,0.10107485949993134,0.008774520829319954,1
