day,positive,trust,joy,love,optimism,negative,pessimism,sadness,surprise,anger,anticipation,disgust,fear,size
2020-10-23,0.42341998778283596,0.05329996393993496,0.2014567470178008,0.021071050781756643,0.3289497448131442,0.7417772114276886,0.03611002769321203,0.13374385237693787,0.1377050383016467,0.6764887273311615,0.3282046467065811,0.6285538822412491,0.09547963738441467,2
