sentiment,size
-0.1434681818181818,22
-0.18737222222222225,18
0.0,1
