day,positive,trust,joy,love,optimism,negative,pessimism,sadness,surprise,anger,anticipation,disgust,fear,size
2020-07-17,0.8257550001144409,0.1378377377986908,0.4046921730041504,0.015667576342821118,0.6785102486610413,0.3511931002140045,0.028483808040618893,0.04922102019190788,0.058536909520626075,0.1160917803645134,0.7451658248901367,0.14996452629566193,0.14149141311645508,1
