day,positive,trust,joy,love,optimism,negative,pessimism,sadness,surprise,anger,anticipation,disgust,fear,size
2020-09-10,0.3317849118135531,0.0492272547933019,0.23697874368041416,0.034354475617874414,0.19835848153822802,0.6062276224521074,0.053361142742108895,0.1711224973074753,0.1111758056266064,0.40560409651053225,0.29852961613373324,0.4169379630210725,0.11905330381440846,44
