day,positive,trust,joy,love,optimism,negative,pessimism,sadness,surprise,anger,anticipation,disgust,fear,size
2020-10-23,0.2301961768507248,0.029879252559372356,0.15995617454782837,0.008686915588831263,0.13829903929893458,0.7219567419517607,0.05776466229664428,0.18830550364440396,0.1269089998233886,0.5066610950799215,0.28527988777274177,0.5608015236045633,0.09425950032614526,21
