day,positive,trust,joy,love,optimism,negative,pessimism,sadness,surprise,anger,anticipation,disgust,fear,size
2020-08-30,0.2156417485481749,0.02563690469833091,0.1225476594408974,0.006214008860600491,0.13731858724107346,0.7345076290269693,0.052555032346087195,0.16558362481494746,0.08098745652629684,0.5147455876382688,0.2297423256871601,0.536547584614406,0.15600869338959455,24
