day,positive,trust,joy,love,optimism,negative,pessimism,sadness,surprise,anger,anticipation,disgust,fear,size
2020-09-25,0.259012277261354,0.03454776929575019,0.1922295787895564,0.03255729824886657,0.16298962645232679,0.6652543096803128,0.06520360114518553,0.21579027550760657,0.08131981898332015,0.4903236533049494,0.26381082981824877,0.4886341146659106,0.08349661127431318,40
