sentiment,size
-0.04844421553090333,631
-0.08893678929765884,598
-0.1835260869565217,46
