day,positive,trust,joy,love,optimism,negative,pessimism,sadness,surprise,anger,anticipation,disgust,fear,size
2020-08-31,0.2773698147918497,0.04890107230416366,0.20047918843504572,0.06940462031135601,0.16923677828162909,0.551351680287293,0.05858742831540959,0.16302502288350038,0.0947421603570027,0.2658427903162582,0.29981774876692463,0.31779889363263336,0.16392849971141135,14
