day,positive,trust,joy,love,optimism,negative,pessimism,sadness,surprise,anger,anticipation,disgust,fear,size
2020-08-19,0.3331311708118053,0.04938279018004207,0.23795648828703672,0.021849777212643876,0.21078782510805003,0.5975073322336725,0.06427519690205759,0.22493733931332827,0.08159975160626655,0.33964502803505736,0.3092297494728514,0.3537523908976545,0.09107817975962733,47
