day,positive,trust,joy,love,optimism,negative,pessimism,sadness,surprise,anger,anticipation,disgust,fear,size
2020-10-23,0.23847231827676296,0.033424167428165674,0.14592474978417158,0.006434560578782111,0.12169955298304558,0.3575902320444584,0.02468932548072189,0.06146888714283705,0.11497221887111664,0.1111892694607377,0.3958092182874679,0.15431673265993592,0.11986084142699838,4
