day,positive,trust,joy,love,optimism,negative,pessimism,sadness,surprise,anger,anticipation,disgust,fear,size
2020-08-30,0.2635147832334041,0.0072801230708137155,0.24584108148701492,0.013927169726230204,0.09661238174885511,0.865304708480835,0.10328828310593963,0.32204120606184006,0.07263548276387155,0.6861273143440485,0.08775599766522646,0.7174653485417366,0.1485156575217843,4
