day,positive,trust,joy,love,optimism,negative,pessimism,sadness,surprise,anger,anticipation,disgust,fear,size
2020-08-19,0.04929807720084985,0.0076370590055982275,0.021527489957710106,0.006055909597004454,0.029253945996363957,0.9605546991030375,0.0839475467801094,0.3721241181095441,0.07007111391673486,0.7670845886071525,0.10255061400433384,0.7381373246510824,0.19664635757605234,3
