sentiment,size
0.037142187499999986,64
-0.01648653846153846,52
-0.010085714285714285,7
