day,positive,trust,joy,love,optimism,negative,pessimism,sadness,surprise,anger,anticipation,disgust,fear,size
2020-08-31,0.09030729159712791,0.009627913823351264,0.061232706531882286,0.003238264820538461,0.05175662599503994,0.856534481048584,0.07848620042204857,0.39184876531362534,0.06412239372730255,0.6711373329162598,0.15054871886968613,0.7385525703430176,0.02194888051599264,2
