day,positive,trust,joy,love,optimism,negative,pessimism,sadness,surprise,anger,anticipation,disgust,fear,size
2020-09-10,0.0449360478669405,0.014068454038351774,0.026461453332255285,0.005911114237581689,0.02366886753588915,0.9361504515012106,0.08518907179435094,0.21702852845191956,0.139943049599727,0.7552736103534698,0.15615286926428476,0.8043355941772461,0.22435918574531874,3
