day,positive,trust,joy,love,optimism,negative,pessimism,sadness,surprise,anger,anticipation,disgust,fear,size
2020-09-25,0.4063167829066515,0.04804518781602383,0.2784258287400007,0.03158568125218153,0.25079065188765526,0.6111999928951264,0.06799686104059219,0.1567339025437832,0.06878587491810322,0.29906128272414206,0.3114946886897087,0.30820940881967546,0.1994412813335657,5
