day,positive,trust,joy,love,optimism,negative,pessimism,sadness,surprise,anger,anticipation,disgust,fear,size
2020-07-16,0.049606043845415115,0.005300930313145121,0.045461188380916916,0.004630497811983029,0.02984811117251714,0.9329156478246053,0.1537013699611028,0.5496659676233927,0.024821243559320767,0.7186528146266937,0.12039195622007054,0.6707486708958944,0.1355753888686498,3
