day,positive,trust,joy,love,optimism,negative,pessimism,sadness,surprise,anger,anticipation,disgust,fear,size
2020-08-31,0.20992893911898136,0.013520694104954597,0.12708192784339192,0.005281646619550884,0.1183246336877346,0.9565948843955994,0.05970173329114914,0.20013589039444923,0.012325029820203781,0.9112226963043213,0.09753862954676151,0.8372865915298462,0.08795376867055893,2
