day,positive,trust,joy,love,optimism,negative,pessimism,sadness,surprise,anger,anticipation,disgust,fear,size
2020-09-25,0.3890701532363892,0.054887279868125916,0.15080559253692627,0.00955214723944664,0.25654855370521545,0.16017255187034607,0.016942275688052174,0.0266137532889843,0.083578921854496,0.04847976937890053,0.31838566064834595,0.09160441905260086,0.012758887372910976,1
