sentiment,size
-0.032625714285714286,35
-0.3401666666666666,30
0.0,1
