day,positive,trust,joy,love,optimism,negative,pessimism,sadness,surprise,anger,anticipation,disgust,fear,size
2020-10-23,0.06433417648077011,0.005037566879764199,0.06379410810768604,0.0041411613347008824,0.019704241072759032,0.9478752613067627,0.09027738496661186,0.6557500064373016,0.08094739727675915,0.7469062209129333,0.19437704049050805,0.6180596947669983,0.048503486439585686,2
