day,positive,trust,joy,love,optimism,negative,pessimism,sadness,surprise,anger,anticipation,disgust,fear,size
2020-09-10,0.0806257575750351,0.013214729726314543,0.05107443779706955,0.001602110336534679,0.02655771747231484,0.7043739557266235,0.04925122112035751,0.10774890333414078,0.17831793427467346,0.4232484698295593,0.3489613234996796,0.5061058402061462,0.07283186912536621,1
