day,positive,trust,joy,love,optimism,negative,pessimism,sadness,surprise,anger,anticipation,disgust,fear,size
2020-08-19,0.23833408951759338,0.02048881119117141,0.21553527028299868,0.010131197283044457,0.14965488645248115,0.7729012444615364,0.0465970792574808,0.27576862554997206,0.06368198990821838,0.6963848024606705,0.16942024044692516,0.6755412071943283,0.026820984669029713,4
