sentiment,size
-0.0051002724795640286,367
-0.040815652173913045,230
0.01649310344827585,29
