day,positive,trust,joy,love,optimism,negative,pessimism,sadness,surprise,anger,anticipation,disgust,fear,size
2020-10-23,0.29767172620631754,0.048211105342488736,0.12840295559726655,0.011683680786518382,0.20346156600862741,0.6831663139164448,0.0460102598881349,0.13798716571182013,0.06348152575083077,0.43225886672735214,0.3004999370314181,0.44648351753130555,0.3365250495262444,8
