day,positive,trust,joy,love,optimism,negative,pessimism,sadness,surprise,anger,anticipation,disgust,fear,size
2020-09-25,0.4020775749924637,0.05188891151919961,0.29523988210019614,0.054071684839159605,0.22868874833165181,0.5937268169862884,0.040227989732686965,0.15549374513682865,0.07776270811224267,0.39864522653321427,0.3290888624531882,0.3790395363189635,0.1029576541456793,21
