day,positive,trust,joy,love,optimism,negative,pessimism,sadness,surprise,anger,anticipation,disgust,fear,size
2020-09-10,0.21068596155382693,0.03036093737464398,0.14155107596889138,0.00987619855441153,0.1256118233781308,0.7757433243095875,0.08935269461944699,0.2399478574283421,0.10733603076077998,0.4896349015645683,0.2617270199581981,0.5115672033280134,0.20299886646680534,20
