day,positive,trust,joy,love,optimism,negative,pessimism,sadness,surprise,anger,anticipation,disgust,fear,size
2020-08-31,0.40003494918346405,0.06903741107089445,0.2970261709415354,0.04420223265333334,0.2660427152295597,0.5906809824518859,0.041116491600405425,0.10753317771013826,0.07842405862174928,0.39047675754409283,0.28435581165831536,0.41469025786500424,0.18496298330137506,16
