day,positive,trust,joy,love,optimism,negative,pessimism,sadness,surprise,anger,anticipation,disgust,fear,size
2020-08-30,0.4255494046956301,0.050345401105005294,0.24379512411542237,0.0125102864112705,0.2843441723380238,0.5223826598376036,0.03818262123968452,0.14238410908728838,0.07967453449964523,0.3209064011462033,0.42361504631116986,0.31506447680294514,0.06912513019051403,8
