day,positive,trust,joy,love,optimism,negative,pessimism,sadness,surprise,anger,anticipation,disgust,fear,size
2020-08-19,0.31713213682174685,0.04023759258911014,0.2250578360259533,0.03328258530236781,0.14669580582529307,0.7027626743912697,0.05838011313229799,0.20792819831520318,0.0695098028331995,0.4911782994121313,0.25447972148656844,0.4907449812442064,0.10377179306000471,25
