day,positive,trust,joy,love,optimism,negative,pessimism,sadness,surprise,anger,anticipation,disgust,fear,size
2020-10-23,0.27638986706733704,0.01835318887606263,0.14573623100295663,0.005555272102355957,0.1727962987497449,0.6743921414017677,0.05152577627450228,0.16589026898145676,0.05401042802259325,0.47977430932223797,0.2422165935859084,0.40322145260870457,0.11009818036109209,4
