sentiment,size
-0.02868478260869566,138
-0.059384444444444434,90
0.00984444444444444,9
