day,positive,trust,joy,love,optimism,negative,pessimism,sadness,surprise,anger,anticipation,disgust,fear,size
2020-09-10,0.23570253581485964,0.040214942006224934,0.19889108324423432,0.13859569979831576,0.17933999230577188,0.762972401116382,0.06611908532001755,0.2325111082331701,0.07009701756760478,0.577102692543783,0.1299228844317523,0.6155442827465859,0.18815246622332119,11
