day,positive,trust,joy,love,optimism,negative,pessimism,sadness,surprise,anger,anticipation,disgust,fear,size
2020-08-30,0.07735104253515601,0.03578569064848125,0.07077443413436411,0.01845054537989199,0.038870359770953655,0.918003499507904,0.06266730278730392,0.2507615238428116,0.513213200494647,0.7857797741889954,0.2627529837191105,0.7509942948818207,0.30965775810182095,2
