day,positive,trust,joy,love,optimism,negative,pessimism,sadness,surprise,anger,anticipation,disgust,fear,size
2020-08-31,0.15345868468284607,0.03529025532770902,0.05398713843896985,0.004253252322087064,0.12468511774204673,0.7612470388412476,0.10126919159665704,0.2978775314986706,0.12226420734077692,0.4998368714004755,0.37008526362478733,0.4839412150904536,0.14378898311406374,4
