day,positive,trust,joy,love,optimism,negative,pessimism,sadness,surprise,anger,anticipation,disgust,fear,size
2020-08-19,0.3917235458890597,0.04913481084319452,0.1848464982273678,0.011555722604195276,0.2571312900011738,0.5944182276725769,0.05862177504847447,0.22333653209110102,0.12588555552065372,0.31314743869006634,0.3626798118154208,0.33807455375790596,0.06679089895139138,6
