day,positive,trust,joy,love,optimism,negative,pessimism,sadness,surprise,anger,anticipation,disgust,fear,size
2020-09-25,0.2050677885611852,0.03807642202203473,0.1369464792466412,0.008248424448538572,0.11435049368689458,0.7120882719755173,0.07807519814620416,0.2160092517733574,0.18033147727449736,0.49460709405442077,0.2846600040793419,0.5587334055453539,0.13949226215481758,6
