day,positive,trust,joy,love,optimism,negative,pessimism,sadness,surprise,anger,anticipation,disgust,fear,size
2020-10-24,0.6774611156433821,0.0731743685901165,0.5142103512771428,0.04159992595668882,0.40972088603302836,0.37163762748241425,0.028312176815234125,0.0730329342186451,0.06691509857773781,0.28292738553136587,0.37242983654141426,0.27384480368345976,0.02151490980759263,4
