day,positive,trust,joy,love,optimism,negative,pessimism,sadness,surprise,anger,anticipation,disgust,fear,size
2020-09-10,0.1471611261367798,0.03684508427977562,0.052197642624378204,0.00308773061260581,0.09933368116617204,0.7388142943382263,0.042281068861484535,0.13111360371112826,0.09220749884843826,0.3717913031578064,0.4103265702724457,0.4911506772041321,0.09936679154634476,1
