day,positive,trust,joy,love,optimism,negative,pessimism,sadness,surprise,anger,anticipation,disgust,fear,size
2020-08-30,0.023959215730428696,0.009328564628958702,0.009815167635679243,0.0015252417651936412,0.02833336405456066,0.9021402597427368,0.06412535905838013,0.3252550959587097,0.06833504885435104,0.6790490746498108,0.14869581162929535,0.6983488202095032,0.07231390476226808,1
