day,positive,trust,joy,love,optimism,negative,pessimism,sadness,surprise,anger,anticipation,disgust,fear,size
2020-08-19,0.2496852901365076,0.023506431241652796,0.2053783264543329,0.011133890898366059,0.12053572705813817,0.6926738619804382,0.10149205036993536,0.30120766668447424,0.05929382384887764,0.39298815918820246,0.268489807844162,0.4421516390783446,0.16913247228200948,7
