day,positive,trust,joy,love,optimism,negative,pessimism,sadness,surprise,anger,anticipation,disgust,fear,size
2020-09-25,0.08452654629945755,0.014953989535570143,0.02150777354836464,0.008309083990752697,0.0682343989610672,0.985795259475708,0.053930576890707016,0.22224727272987368,0.017303556203842163,0.9826642870903016,0.04609111323952675,0.8951830267906189,0.043486498296260834,1
