day,positive,trust,joy,love,optimism,negative,pessimism,sadness,surprise,anger,anticipation,disgust,fear,size
2020-07-17,0.015044981613755224,0.005412372760474682,0.013706414029002191,0.006596098653972149,0.0071396278217434874,0.9949605464935304,0.16828158497810364,0.3024947941303253,0.02519356831908226,0.9424107074737548,0.04087359830737114,0.9435409307479858,0.34792500734329224,1
