sentiment,size
0.11276428571428568,14
-0.001535714285714307,14
-0.17804999999999999,4
