day,positive,trust,joy,love,optimism,negative,pessimism,sadness,surprise,anger,anticipation,disgust,fear,size
2020-09-02,0.173507172614336,0.021474331710487606,0.04233426861464977,0.004590450646355748,0.10353245213627815,0.8298951208591461,0.11998039148747922,0.2335105746984482,0.0501285694539547,0.5606792494654655,0.21517336443066598,0.5714602023363113,0.15467452593147754,5
