sentiment,size
0.022454700854700856,117
-0.0825907894736842,76
-0.05911666666666667,18
