day,positive,trust,joy,love,optimism,negative,pessimism,sadness,surprise,anger,anticipation,disgust,fear,size
2020-10-23,0.3083386992414792,0.03158620744943619,0.14041554477686682,0.009303756834318241,0.1841388757651051,0.6159577916065851,0.07063624293853839,0.1942418540517489,0.09248508132683735,0.44453302025794983,0.34345929076274234,0.48501735428969067,0.05935853455836574,6
