day,positive,trust,joy,love,optimism,negative,pessimism,sadness,surprise,anger,anticipation,disgust,fear,size
2020-09-10,0.24156142063438893,0.025631580967456102,0.10990796759724616,0.006831717304885387,0.1633973501622677,0.724927830696106,0.05019792839884758,0.21596013084053994,0.09549474418163299,0.3954912185668945,0.3418839007616043,0.46182882189750674,0.11995172463357448,5
