day,positive,trust,joy,love,optimism,negative,pessimism,sadness,surprise,anger,anticipation,disgust,fear,size
2020-09-25,0.10333140660077333,0.01476313843159005,0.05631323542911559,0.004806506622117013,0.06739738769829273,0.8589159026741982,0.08072574064135553,0.21816313825547695,0.03969807340763509,0.5735196433961391,0.20425914088264108,0.5912147127091885,0.1558135747909546,8
