day,positive,trust,joy,love,optimism,negative,pessimism,sadness,surprise,anger,anticipation,disgust,fear,size
2020-08-19,0.3069102168083191,0.03980799366791661,0.22194983111694455,0.05543685328358641,0.1913759630316725,0.6123924966041858,0.0807409488882583,0.2023181072794474,0.09153832745953248,0.4256146690593316,0.2501442627264903,0.45993378342917335,0.08265335413698967,13
