day,positive,trust,joy,love,optimism,negative,pessimism,sadness,surprise,anger,anticipation,disgust,fear,size
2020-08-31,0.3388250879943371,0.04069528286345303,0.10880601592361924,0.004938279162161052,0.20589991193264723,0.6603761166334152,0.06072925403714181,0.158656794577837,0.08292662352323532,0.5139801055192947,0.4055863693356514,0.5434890687465668,0.050293306820094585,2
