day,positive,trust,joy,love,optimism,negative,pessimism,sadness,surprise,anger,anticipation,disgust,fear,size
2020-08-30,0.13624905329197645,0.011913253169041127,0.06806978886015713,0.0041239008132834,0.08240376494359225,0.7157452926039696,0.1070018270984292,0.2636325638741254,0.09030624525621533,0.3538977913558483,0.27811891771852976,0.3957684375345707,0.29740689508616924,4
