day,positive,trust,joy,love,optimism,negative,pessimism,sadness,surprise,anger,anticipation,disgust,fear,size
2020-09-10,0.5727891636391481,0.0596351952602466,0.36727130350967246,0.03757511110355457,0.4056226871907711,0.6256541361411413,0.09487834107130766,0.3558679676304261,0.036817931259671845,0.383326953276992,0.23537433706223965,0.3832191154360771,0.03903691408534845,3
