day,positive,trust,joy,love,optimism,negative,pessimism,sadness,surprise,anger,anticipation,disgust,fear,size
2020-09-25,0.7096182405948639,0.0921489829197526,0.5653507312138876,0.3254757095128298,0.4573703482747078,0.4748628983894984,0.03293910870949427,0.2681348907450835,0.0529719777405262,0.19850975212951502,0.1788504235446453,0.16548466496169567,0.07030998667081197,3
