day,positive,trust,joy,love,optimism,negative,pessimism,sadness,surprise,anger,anticipation,disgust,fear,size
2020-08-30,0.4386715888977051,0.039844274520874016,0.25726696848869324,0.01034038793295622,0.11271826922893526,0.4876381456851959,0.026954181492328644,0.0760895237326622,0.05259302631020546,0.20723985135555267,0.3418227136135101,0.2490563094615937,0.019953427836298943,1
