day,positive,trust,joy,love,optimism,negative,pessimism,sadness,surprise,anger,anticipation,disgust,fear,size
2020-08-31,0.08229037746787071,0.016031159553676844,0.036329113878309734,0.006690873415209354,0.045751526951789856,0.9599467813968658,0.09559307061135769,0.24540263414382935,0.051363653503358364,0.8624561727046967,0.14221132919192314,0.8345758020877838,0.06489760987460612,2
