day,positive,trust,joy,love,optimism,negative,pessimism,sadness,surprise,anger,anticipation,disgust,fear,size
2020-10-23,0.43862614687532187,0.05683862557634711,0.32699590851552784,0.009041838347911835,0.34172286558896303,0.6234427243471146,0.12261655274778603,0.3829337824136019,0.10025205090641975,0.2689468637108803,0.40837570652365685,0.316718265414238,0.3613015040755272,2
