sentiment,size
-0.10459333333333333,60
0.007061538461538466,39
-0.03507500000000001,4
