day,positive,trust,joy,love,optimism,negative,pessimism,sadness,surprise,anger,anticipation,disgust,fear,size
2020-08-19,0.4532986119389534,0.031063437182456254,0.4465689182281494,0.036698430543765426,0.19581689052283763,0.5323246955871582,0.04878048812970519,0.31984018459916114,0.08439066298305989,0.28050290495157243,0.23838149458169938,0.27925624400377275,0.02862720936536789,5
