day,positive,trust,joy,love,optimism,negative,pessimism,sadness,surprise,anger,anticipation,disgust,fear,size
2020-07-17,0.5927442461252213,0.04872367577627301,0.4382687993347645,0.028766216710209846,0.3111683279275894,0.39408741891384125,0.018218569457530975,0.03875327808782458,0.26300467923283577,0.2526775812730193,0.4342947453260422,0.2775209676474333,0.032338572200387716,4
