day,positive,trust,joy,love,optimism,negative,pessimism,sadness,surprise,anger,anticipation,disgust,fear,size
2020-10-23,0.5938003063201904,0.11802251636981964,0.4337131604552269,0.035698448307812214,0.3669053614139557,0.39392969012260437,0.030308436136692762,0.05997750908136368,0.21212676912546158,0.1100635975599289,0.3842996656894684,0.12815769016742706,0.028126186691224575,2
