day,positive,trust,joy,love,optimism,negative,pessimism,sadness,surprise,anger,anticipation,disgust,fear,size
2020-09-10,0.19498946331441402,0.02033452964387834,0.08078916799277067,0.007416362455114722,0.1475457375869155,0.836897975206375,0.06626579537987709,0.19146717339754105,0.03392893094569445,0.7051778972148895,0.14047163836658,0.6951108753681183,0.13005571961402893,5
