day,positive,trust,joy,love,optimism,negative,pessimism,sadness,surprise,anger,anticipation,disgust,fear,size
2020-09-25,0.5979421734809875,0.08102136850357056,0.10420043766498566,0.006445149425417185,0.6130908131599426,0.8674110174179077,0.033128656446933746,0.05058307945728302,0.02153822407126427,0.8792603611946106,0.10953620076179504,0.7035427689552307,0.02800191380083561,1
