day,positive,trust,joy,love,optimism,negative,pessimism,sadness,surprise,anger,anticipation,disgust,fear,size
2020-08-30,0.07209257408976555,0.01062912680208683,0.053144875913858414,0.017103203921578825,0.056551240384578705,0.9437138438224792,0.3394828736782074,0.6726759374141693,0.04170133918523789,0.23007106408476832,0.12623385712504387,0.38690246641635895,0.12111470103263855,2
