day,positive,trust,joy,love,optimism,negative,pessimism,sadness,surprise,anger,anticipation,disgust,fear,size
2020-08-31,0.5070419749245049,0.11059567239135501,0.49356252513825893,0.4486288502812385,0.3737458670511842,0.5440947860479355,0.1217552623711526,0.12866461277008057,0.05505046062171459,0.09764433838427067,0.056812819093465805,0.17920599039644003,0.5001827622763811,2
