day,positive,trust,joy,love,optimism,negative,pessimism,sadness,surprise,anger,anticipation,disgust,fear,size
2020-08-18,0.039529986679553986,0.011370137333869934,0.024354290217161186,0.00693867402151227,0.012394367717206478,0.9835874438285828,0.08367720991373062,0.4019037485122681,0.0240397434681654,0.985723912715912,0.06282266229391098,0.9573691487312316,0.03979093208909035,1
