sentiment,size
-0.037933333333333326,45
-0.07831764705882352,17
0.37665,2
