sentiment,size
0.03347068965517242,58
-0.1170195652173913,46
-0.04001666666666667,6
