day,positive,trust,joy,love,optimism,negative,pessimism,sadness,surprise,anger,anticipation,disgust,fear,size
2020-09-25,0.8308232426643372,0.12055418640375135,0.6794683933258057,0.020957170054316517,0.6752123236656189,0.11326871067285538,0.01129322685301304,0.028308950364589688,0.10004251450300217,0.0878797322511673,0.5120044946670532,0.10512860119342804,0.006034586578607559,1
