day,positive,trust,joy,love,optimism,negative,pessimism,sadness,surprise,anger,anticipation,disgust,fear,size
2020-09-10,0.38701450172811747,0.0486652601393871,0.2240107310935855,0.011090929270721972,0.27404447947628796,0.5990710780024529,0.08461033017374575,0.2786553571932018,0.059143070480786264,0.35888035874813795,0.37448351830244064,0.4123369688168168,0.0740481746615842,8
