day,positive,trust,joy,love,optimism,negative,pessimism,sadness,surprise,anger,anticipation,disgust,fear,size
2020-08-19,0.2671178877353668,0.04730564743901292,0.21068480921288332,0.05241955354964981,0.13087236074109873,0.5193474392096201,0.10101196402683854,0.2156508881598711,0.11823632591404021,0.15533923978606862,0.3547770610700051,0.1916106529533863,0.1405297926006218,6
