day,positive,trust,joy,love,optimism,negative,pessimism,sadness,surprise,anger,anticipation,disgust,fear,size
2020-08-31,0.08893190324306488,0.021265273913741112,0.03898710757493973,0.0049651116132736215,0.04866252839565277,0.5930333137512207,0.04458988457918167,0.20975980162620544,0.14851342141628265,0.2524341642856598,0.3137218952178955,0.25936153531074524,0.09960948675870897,1
