day,positive,trust,joy,love,optimism,negative,pessimism,sadness,surprise,anger,anticipation,disgust,fear,size
2020-10-23,0.41429355554282665,0.01818831474520266,0.36065230891108513,0.10667075903620571,0.12593093141913408,0.8691590130329132,0.11351596191525459,0.6545976251363754,0.03579961135983467,0.27249259129166603,0.08239120244979858,0.4561319649219513,0.03673257399350404,2
