day,positive,trust,joy,love,optimism,negative,pessimism,sadness,surprise,anger,anticipation,disgust,fear,size
2020-08-30,0.5451233386993408,0.02433772198855877,0.5240665841847658,0.10592169687151909,0.24765680357813838,0.42913883924484253,0.03029087046161294,0.06721841357648373,0.04818452149629593,0.2855727840214968,0.13743214309215546,0.3645070753991604,0.03156998916529119,2
