day,positive,trust,joy,love,optimism,negative,pessimism,sadness,surprise,anger,anticipation,disgust,fear,size
2020-10-23,0.11348142102360725,0.009172891499474645,0.0947963111102581,0.009127612691372633,0.03294099122285843,0.9734864234924316,0.05451842024922371,0.36346040666103363,0.03662490099668503,0.8977534174919128,0.07424371317029,0.8763743340969086,0.030678607523441315,2
