day,positive,trust,joy,love,optimism,negative,pessimism,sadness,surprise,anger,anticipation,disgust,fear,size
2020-08-19,0.2505771298892796,0.03643092710990459,0.15827812033239752,0.012452520953956991,0.14206775790080428,0.648952865973115,0.059727072482928634,0.25382903264835477,0.050176666118204594,0.36485688714310527,0.22255223034881055,0.3850947548635304,0.11393128824420273,8
