day,positive,trust,joy,love,optimism,negative,pessimism,sadness,surprise,anger,anticipation,disgust,fear,size
2020-08-30,0.44399446062743664,0.024948948062956333,0.4123018141835928,0.021426729043014348,0.1187519053928554,0.558578746393323,0.07572303339838982,0.2861165963113308,0.056152367731556296,0.2995655690319836,0.21353977639228106,0.3248112741857767,0.02193755516782403,4
