day,positive,trust,joy,love,optimism,negative,pessimism,sadness,surprise,anger,anticipation,disgust,fear,size
2020-08-31,0.3322317562997341,0.036859490908682346,0.40137395448982716,0.06722745997831225,0.07752697728574277,0.6311450153589249,0.1929577700793743,0.4522818233817816,0.141543222591281,0.07291948329657316,0.3183329105377197,0.14467651024460793,0.46644415333867073,2
