day,positive,trust,joy,love,optimism,negative,pessimism,sadness,surprise,anger,anticipation,disgust,fear,size
2020-09-25,0.47524993618329364,0.02621324888120095,0.3055411170547207,0.05003726823876301,0.26608694282670814,0.6165181025862694,0.027855307484666508,0.19749646137158072,0.07823833792159955,0.48124970744053525,0.19378168943027654,0.3910276343425115,0.0412760553881526,6
