day,positive,trust,joy,love,optimism,negative,pessimism,sadness,surprise,anger,anticipation,disgust,fear,size
2020-09-10,0.18873406667262316,0.015966666804160923,0.1488942267606035,0.008157509582815692,0.07295507739763707,0.7539040483534336,0.0732602586504072,0.2501072697341442,0.0711102057248354,0.4741010554134846,0.196682094829157,0.49574267864227295,0.21643467363901436,8
