sentiment,size
0.041611111111111126,72
-0.1715677966101695,59
-0.2697714285714286,7
