day,positive,trust,joy,love,optimism,negative,pessimism,sadness,surprise,anger,anticipation,disgust,fear,size
2020-09-25,0.06754593551158904,0.014377142613132792,0.04867387376725674,0.0037798533837000528,0.042879623671372734,0.6711967388788859,0.0472468181202809,0.09303823858499527,0.07656220346689224,0.5845974832773209,0.20797676096359888,0.549393504858017,0.021978543450435,3
