day,positive,trust,joy,love,optimism,negative,pessimism,sadness,surprise,anger,anticipation,disgust,fear,size
2020-08-19,0.21366941152761385,0.03320377001849314,0.1899976289520661,0.06402125378372148,0.16108876063177982,0.7685363981872797,0.07108736938486497,0.3928118636831641,0.08513709980373581,0.5045737847685814,0.16820608265697956,0.5309114381670952,0.04267713582764069,6
