day,positive,trust,joy,love,optimism,negative,pessimism,sadness,surprise,anger,anticipation,disgust,fear,size
2020-08-30,0.4696752391755581,0.06376503594219685,0.29921412793919444,0.06683299026917666,0.32393993716686964,0.40449627209454775,0.03740183240734041,0.0783545367885381,0.1531684547662735,0.11846195999532938,0.45603393390774727,0.15558865061029792,0.07710060814861208,4
