day,positive,trust,joy,love,optimism,negative,pessimism,sadness,surprise,anger,anticipation,disgust,fear,size
2020-10-23,0.2799347275868058,0.06652279244735837,0.25562189845368266,0.13616128213470802,0.24597135186195374,0.7573315631598233,0.049222055240534246,0.18638769816607237,0.02284671738743782,0.7390550412237644,0.09102648496627808,0.7037468203343451,0.033798917196691036,4
