sentiment,size
-0.013071052631578959,114
-0.024598113207547168,53
0.10976666666666669,12
