day,positive,trust,joy,love,optimism,negative,pessimism,sadness,surprise,anger,anticipation,disgust,fear,size
2020-09-10,0.305006908873717,0.03200745272139708,0.2786773902674516,0.011774097569286823,0.16387860973676047,0.6342940777540208,0.025101763817171257,0.09671300525466602,0.030830581051607926,0.6127999698122343,0.2525397092103958,0.465290904045105,0.06128324413051208,3
