day,positive,trust,joy,love,optimism,negative,pessimism,sadness,surprise,anger,anticipation,disgust,fear,size
2020-08-31,0.10718082357198,0.028257284391050536,0.04370363336056471,0.004196509796505173,0.03759849692384402,0.6263498663902283,0.07891037563482921,0.23207992191116014,0.11753968832393487,0.38144612188140553,0.3605499714612961,0.4137367730339368,0.10298844178517659,3
