day,positive,trust,joy,love,optimism,negative,pessimism,sadness,surprise,anger,anticipation,disgust,fear,size
2020-10-23,0.8274025321006775,0.11320286989212035,0.6193348169326782,0.018734229728579518,0.4536995887756348,0.1965377926826477,0.011371332220733166,0.019141513854265213,0.2327052652835846,0.02544604428112507,0.6377442479133606,0.05636276304721832,0.027907688170671463,1
