sentiment,size
-0.07482608695652175,69
0.010878260869565216,46
0.2145,3
