day,positive,trust,joy,love,optimism,negative,pessimism,sadness,surprise,anger,anticipation,disgust,fear,size
2020-08-19,0.35321926698088646,0.041674633976072066,0.2065139301121235,0.00896259758155793,0.23678352311253548,0.36701755225658417,0.04927809559740126,0.059254578314721584,0.0870629083365202,0.0515079190954566,0.5090489536523819,0.08675163984298706,0.21897884202189744,4
