day,positive,trust,joy,love,optimism,negative,pessimism,sadness,surprise,anger,anticipation,disgust,fear,size
2020-09-10,0.03915671445429325,0.013895171073575815,0.023204927022258442,0.005168743897229433,0.021865075764556725,0.947461465994517,0.07230448722839355,0.2505056858062744,0.25265129158894223,0.7739943067232767,0.11895043899615605,0.8765867153803507,0.1389609401424726,3
