day,positive,trust,joy,love,optimism,negative,pessimism,sadness,surprise,anger,anticipation,disgust,fear,size
2020-09-25,0.5068352917830149,0.06638909472773473,0.28765213303267956,0.03144528088159859,0.36700909833113354,0.581008272866408,0.05766830981398622,0.19847606029361486,0.04945813057323297,0.31442632153630257,0.3006786070764065,0.32294622529298067,0.06329857651144266,6
