day,positive,trust,joy,love,optimism,negative,pessimism,sadness,surprise,anger,anticipation,disgust,fear,size
2020-08-19,0.23073416203260422,0.03608407235393921,0.16592538563741577,0.05030765562939147,0.1318503434045447,0.6208935893244214,0.04524588114064601,0.12102110849486457,0.07876141876396206,0.4761124323639605,0.23946860494712988,0.5061751997305287,0.12649359807579053,9
