day,positive,trust,joy,love,optimism,negative,pessimism,sadness,surprise,anger,anticipation,disgust,fear,size
2020-10-23,0.26570154819637537,0.023205802426673472,0.18498810613527894,0.009337510215118527,0.21352432575076818,0.8268490731716156,0.1021149531006813,0.34031349793076515,0.06147146783769131,0.49195414036512375,0.20346947759389877,0.49446878768503666,0.14396019326522946,4
