day,positive,trust,joy,love,optimism,negative,pessimism,sadness,surprise,anger,anticipation,disgust,fear,size
2020-07-17,0.2665526583217658,0.03339965362101793,0.1892917749758523,0.011376259848475456,0.17122466031175393,0.7101087558727998,0.07479928433895111,0.22175087342755154,0.05597962668308845,0.5143604275698845,0.2669540938849633,0.5155055703452001,0.10070537388897859,13
