day,positive,trust,joy,love,optimism,negative,pessimism,sadness,surprise,anger,anticipation,disgust,fear,size
2020-08-31,0.3647959288209677,0.0394647428765893,0.10038370452821255,0.0063534879591315985,0.31852931156754494,0.7799214124679565,0.052969194948673255,0.08550785109400748,0.03959997650235891,0.7851932942867279,0.21103744953870773,0.6546684503555298,0.11067420803010464,2
