day,positive,trust,joy,love,optimism,negative,pessimism,sadness,surprise,anger,anticipation,disgust,fear,size
2020-09-10,0.9804744720458984,0.19355922937393188,0.9681257009506226,0.1594393253326416,0.7144182324409485,0.09735880047082901,0.013411404564976692,0.02986601553857326,0.05521975457668304,0.054457109421491616,0.22184760868549347,0.039225403219461434,0.0217664297670126,1
