day,positive,trust,joy,love,optimism,negative,pessimism,sadness,surprise,anger,anticipation,disgust,fear,size
2020-08-30,0.030142631381750107,0.006785112588355939,0.01950216107070446,0.005457259248942137,0.018822065244118374,0.9907464981079102,0.1298245166738828,0.39282601078351337,0.018096130962173145,0.9684400955835978,0.02946232942243417,0.9277679324150085,0.051254267493883766,3
