day,positive,trust,joy,love,optimism,negative,pessimism,sadness,surprise,anger,anticipation,disgust,fear,size
2020-09-25,0.16864874735474586,0.03289762698113918,0.09169093705713749,0.006182655156590044,0.08595131374895573,0.8559386849403381,0.0931677408516407,0.23217101097106935,0.19075593808665875,0.5786874532699585,0.24522925689816474,0.5905075609683991,0.054015658982098105,5
