sentiment,size
1.3559322033901516e-05,59
0.027343750000000014,48
0.20790000000000003,7
