sentiment,size
-0.17334074074074074,54
-0.21465283018867926,53
-0.12123333333333332,3
