day,positive,trust,joy,love,optimism,negative,pessimism,sadness,surprise,anger,anticipation,disgust,fear,size
2020-08-31,0.053216479097803436,0.009415905612210432,0.023717043610910576,0.0026017416190976896,0.03407869674265385,0.7599316934744517,0.05810237179199854,0.21629582097133002,0.0533750094473362,0.637245441476504,0.2220928743481636,0.6145671705404917,0.05479185531536738,3
