day,positive,trust,joy,love,optimism,negative,pessimism,sadness,surprise,anger,anticipation,disgust,fear,size
2020-10-23,0.02409405820071697,0.011544239707291126,0.015261264517903328,0.006099417805671692,0.027650024741888046,0.995086133480072,0.1063849925994873,0.2832164168357849,0.011510747484862804,0.985590398311615,0.019538430497050285,0.9657487869262696,0.09419393539428712,1
