day,positive,trust,joy,love,optimism,negative,pessimism,sadness,surprise,anger,anticipation,disgust,fear,size
2020-09-10,0.31884990073740477,0.045633338702221714,0.1439088728899757,0.009381365031003952,0.29219805883864564,0.8634744683901469,0.17618159390985966,0.18405306339263916,0.0318553081403176,0.4484809984763463,0.14907214418053627,0.4711694568395614,0.3615121686210235,3
