day,positive,trust,joy,love,optimism,negative,pessimism,sadness,surprise,anger,anticipation,disgust,fear,size
2020-09-25,0.06494333284596603,0.012905825239916643,0.042123823116223015,0.004679662485917409,0.03643589839339256,0.9295622110366821,0.06061843658487002,0.21900657067696253,0.11183054869373639,0.7396234969298044,0.2109064906835556,0.650208463271459,0.13322361310323078,3
