day,positive,trust,joy,love,optimism,negative,pessimism,sadness,surprise,anger,anticipation,disgust,fear,size
2020-08-19,0.30355087241956163,0.03702387559626784,0.17812392222029821,0.010021098756364413,0.18130239897540637,0.5824550432818276,0.05747648248715061,0.15523756880845344,0.0796313610460077,0.32530352792569567,0.40937517237450394,0.3521976609315191,0.06993879763675588,7
