day,positive,trust,joy,love,optimism,negative,pessimism,sadness,surprise,anger,anticipation,disgust,fear,size
2020-08-30,0.36923080775886774,0.036728568375110626,0.1094086654484272,0.00549155508633703,0.35887147253379226,0.712701365351677,0.054348936304450035,0.2421048432588577,0.04415479768067599,0.5214403495192528,0.13651524111628532,0.5079837627708912,0.13051306828856468,2
