day,positive,trust,joy,love,optimism,negative,pessimism,sadness,surprise,anger,anticipation,disgust,fear,size
2020-08-30,0.21334842070937157,0.01852686582133174,0.10985816586762667,0.009288022480905055,0.15663558952510356,0.835907644033432,0.06870806291699409,0.23513694256544113,0.12298494148999453,0.754463566839695,0.13077874518930913,0.7210202991962433,0.06828072369098663,5
