day,positive,trust,joy,love,optimism,negative,pessimism,sadness,surprise,anger,anticipation,disgust,fear,size
2020-08-31,0.328215210698545,0.051372794434428215,0.2650664560496807,0.11669112913659774,0.25948889926075935,0.5972261391580105,0.08397128229262307,0.18158678757026792,0.1530836783349514,0.27754851151257753,0.2716139443218708,0.35103502962738276,0.17760401568375528,4
