day,positive,trust,joy,love,optimism,negative,pessimism,sadness,surprise,anger,anticipation,disgust,fear,size
2020-08-31,0.15017956495285034,0.04321848601102829,0.027453066781163216,0.0036231155972927813,0.10953080654144287,0.6953027248382568,0.06360359489917755,0.13438208401203156,0.20927050709724426,0.2626469731330872,0.3844196498394013,0.2574225962162018,0.019376514479517937,1
