day,positive,trust,joy,love,optimism,negative,pessimism,sadness,surprise,anger,anticipation,disgust,fear,size
2020-09-25,0.2539074958435127,0.0322477434362684,0.1863546614934291,0.017118745633134883,0.12073391276810849,0.6561311483383179,0.0508392925507256,0.22504981234669685,0.11627466710550445,0.45351289212703705,0.28997696936130524,0.42401669014777454,0.09618983404444796,7
