day,positive,trust,joy,love,optimism,negative,pessimism,sadness,surprise,anger,anticipation,disgust,fear,size
2020-10-23,0.32804131172597406,0.03541565584018826,0.2055522809115549,0.009681857951606313,0.20948876744757097,0.6894725412130356,0.05369319568077723,0.14205833623806635,0.06082239338817696,0.5125467876593272,0.2595202629764875,0.5005552530288696,0.10163098052144051,15
