day,positive,trust,joy,love,optimism,negative,pessimism,sadness,surprise,anger,anticipation,disgust,fear,size
2020-10-23,0.19181527197360992,0.01712312363088131,0.14635230600833893,0.004547471180558205,0.15585091710090634,0.43835964798927307,0.019973373040556908,0.060537230223417275,0.027937158942222595,0.1376083940267563,0.34784650802612305,0.3180575966835022,0.07800842821598053,1
