sentiment,size
-0.056469230769230765,351
-0.06968544776119402,268
0.11054285714285715,28
