sentiment,size
-0.005603883495145628,103
-0.07138275862068964,87
0.05107500000000001,8
