day,positive,trust,joy,love,optimism,negative,pessimism,sadness,surprise,anger,anticipation,disgust,fear,size
2020-11-03,0.42120628866056603,0.06429180324388047,0.35082721694683033,0.05571345488230387,0.2650855545264979,0.5442727555831274,0.06382287984403472,0.06847683417921265,0.1450206326941649,0.28044481109827757,0.2920422585060199,0.3096103662004073,0.3284599802767237,6
