day,positive,trust,joy,love,optimism,negative,pessimism,sadness,surprise,anger,anticipation,disgust,fear,size
2020-08-19,0.4852628649345466,0.08174252736249141,0.23954455527876103,0.021767778056008474,0.3391655683517456,0.5340402424335481,0.027524789795279503,0.12951737668897426,0.08127406678561654,0.3392597660422325,0.31339288183621,0.35598927097661154,0.055652468731360774,7
