day,positive,trust,joy,love,optimism,negative,pessimism,sadness,surprise,anger,anticipation,disgust,fear,size
2020-08-19,0.09659741818904877,0.02674839459359646,0.03108700551092625,0.002624967833980918,0.09637517482042313,0.7217064499855042,0.09755662083625792,0.12554006278514862,0.07252128422260284,0.2697103321552277,0.31390976905822754,0.31051045656204224,0.1033596470952034,1
