day,positive,trust,joy,love,optimism,negative,pessimism,sadness,surprise,anger,anticipation,disgust,fear,size
2020-10-23,0.22829108275473117,0.037524671480059626,0.20644104219973086,0.008397922990843654,0.1415919415652752,0.6194082736968994,0.05635726656764746,0.14408225044608117,0.12261424213647842,0.4569530993700027,0.3711691603064537,0.43030037730932236,0.0479537159204483,5
