day,positive,trust,joy,love,optimism,negative,pessimism,sadness,surprise,anger,anticipation,disgust,fear,size
2020-09-10,0.25656116629640263,0.028714392722273867,0.15837462898343801,0.008176247395264605,0.12638535319517055,0.7304956763982773,0.06103424976269404,0.27692281765242416,0.059754442889243364,0.637756023555994,0.27673093291620415,0.6029284509519736,0.10378117921451728,6
