day,positive,trust,joy,love,optimism,negative,pessimism,sadness,surprise,anger,anticipation,disgust,fear,size
2020-09-25,0.10870016366243362,0.011927109211683272,0.16027989983558655,0.009182094596326351,0.051829449832439416,0.871974766254425,0.06752578914165497,0.1471887230873108,0.04008734971284866,0.8357707858085632,0.14084365963935852,0.835170328617096,0.028011033311486244,1
