day,positive,trust,joy,love,optimism,negative,pessimism,sadness,surprise,anger,anticipation,disgust,fear,size
2020-09-10,0.3072880854209264,0.03697335347533226,0.2589820163945357,0.01703613274730742,0.10840598369638126,0.5607455770174662,0.04130017105489969,0.07734367375572523,0.10440509517987569,0.40657275915145874,0.35629699130853015,0.4128405253092448,0.0447053803751866,3
