day,positive,trust,joy,love,optimism,negative,pessimism,sadness,surprise,anger,anticipation,disgust,fear,size
2020-09-10,0.3385532306879759,0.06463229389861226,0.2235414712689817,0.02163665019441396,0.22481797751039267,0.7537029471993446,0.06995395498350263,0.1714956433326006,0.07665793878957629,0.5670705370604991,0.2634714403003454,0.5436654119193554,0.1795318239182234,25
