day,positive,trust,joy,love,optimism,negative,pessimism,sadness,surprise,anger,anticipation,disgust,fear,size
2020-08-19,0.3222240067731876,0.03748933797200712,0.22327167709143117,0.016244752610173937,0.1958318425772282,0.6185022311714979,0.06194651855800588,0.15863666833879855,0.07386531970965174,0.3453232091493331,0.3026108153594228,0.3663964131130622,0.14955531778888634,26
