day,positive,trust,joy,love,optimism,negative,pessimism,sadness,surprise,anger,anticipation,disgust,fear,size
2020-08-31,0.3246934750618843,0.07344225865717117,0.21123790454406005,0.02134172861965803,0.23257936465625578,0.6810651725301375,0.08395523814341196,0.2138156844303012,0.10325100634676906,0.39986505488363594,0.3257025159322299,0.44032668279340637,0.17490604075674826,13
