day,positive,trust,joy,love,optimism,negative,pessimism,sadness,surprise,anger,anticipation,disgust,fear,size
2020-08-30,0.2598187777524193,0.038014141687502466,0.09355126600712538,0.005226506385952234,0.18792206266274056,0.6810090939203898,0.09851700998842716,0.13368291656176248,0.1097491392865777,0.4124915065864722,0.4091598552962144,0.5194776132702827,0.06935015258689721,6
