sentiment,size
-0.19886315789473685,19
0.00039999999999999297,12
0.13906666666666667,3
