day,positive,trust,joy,love,optimism,negative,pessimism,sadness,surprise,anger,anticipation,disgust,fear,size
2020-09-25,0.1868250357846801,0.027531529490191203,0.12102418186931083,0.009507327474868642,0.11890392589311187,0.7174080853851942,0.07423840568830761,0.18210329967909133,0.06333001085127202,0.5179568575695157,0.23886767617211893,0.5165271852165461,0.1741291916069503,26
