day,positive,trust,joy,love,optimism,negative,pessimism,sadness,surprise,anger,anticipation,disgust,fear,size
2020-08-30,0.39422762021422386,0.017917335343857605,0.3109930182496707,0.035254001927872494,0.27186462717751664,0.6612376272678375,0.0556091604133447,0.2520870839556058,0.043397887299458184,0.3719921720524628,0.24937756607929865,0.3856149762868881,0.06453517079353333,3
