day,positive,trust,joy,love,optimism,negative,pessimism,sadness,surprise,anger,anticipation,disgust,fear,size
2020-08-31,0.2964196229974429,0.029512254210809868,0.1344446111470461,0.008477127722774943,0.25354752968996763,0.7186475793520609,0.05930830289920171,0.3235333263874054,0.05489242821931839,0.584211602807045,0.253387672205766,0.5654458602269491,0.03296085633337498,3
