day,positive,trust,joy,love,optimism,negative,pessimism,sadness,surprise,anger,anticipation,disgust,fear,size
2020-10-23,0.07584357696274917,0.015730298900355898,0.04086299271633228,0.0033657949340219306,0.06046059603492419,0.7950630187988281,0.19870990266402563,0.3739117719233036,0.08919466038544972,0.4118068739771843,0.2810244709253311,0.5943129112323126,0.06158876419067383,3
