sentiment,size
-0.041973737373737385,99
-0.1661781818181818,55
-0.16892222222222225,9
