day,positive,trust,joy,love,optimism,negative,pessimism,sadness,surprise,anger,anticipation,disgust,fear,size
2020-08-19,0.28712271034185377,0.035744867786499004,0.1999801632815174,0.08747978160889554,0.16547584853002004,0.7186779023281166,0.08945233767320003,0.27964295912534,0.07966194827375668,0.4588773821347526,0.2329783562038626,0.4722983443311283,0.13862749984088754,14
