day,positive,trust,joy,love,optimism,negative,pessimism,sadness,surprise,anger,anticipation,disgust,fear,size
2020-09-10,0.31840526099715916,0.03610918531194329,0.2822020637935826,0.03971847878502948,0.23331999778747559,0.7035435406225068,0.06193706499678748,0.14956982620060444,0.06879036421222347,0.54370289322521,0.20391873589583806,0.5392092540860176,0.1695065061295671,7
