day,positive,trust,joy,love,optimism,negative,pessimism,sadness,surprise,anger,anticipation,disgust,fear,size
2020-10-23,0.41124313031988485,0.03539766397859369,0.387473985951926,0.06563857542018273,0.21720630143369948,0.3918488642999104,0.03551404297884021,0.09083567506500653,0.13352964991437538,0.23134243035955085,0.3503381891974381,0.2380054613043155,0.07113747578114273,7
