day,positive,trust,joy,love,optimism,negative,pessimism,sadness,surprise,anger,anticipation,disgust,fear,size
2020-08-31,0.3422217629849911,0.04112292267382145,0.23029656801372766,0.006335769663564861,0.10537395626306534,0.3182567283511162,0.029578689485788345,0.07985168881714344,0.2939772605895996,0.11077342461794615,0.4755331873893738,0.21769412606954572,0.043481744825839996,2
