day,positive,trust,joy,love,optimism,negative,pessimism,sadness,surprise,anger,anticipation,disgust,fear,size
2020-09-25,0.3033514707349241,0.024180976441130042,0.17486630589701235,0.013007365923840553,0.21777325123548508,0.6710886806249619,0.061336853075772524,0.19645607098937035,0.022292740875855088,0.4022841416299343,0.2006031358614564,0.45301258563995367,0.09518983075395226,4
