sentiment,size
-0.006841121495327103,107
-0.13967349397590362,83
-0.29577777777777775,9
