day,positive,trust,joy,love,optimism,negative,pessimism,sadness,surprise,anger,anticipation,disgust,fear,size
2020-08-30,0.08965100099643071,0.009908041916787624,0.08109322035064302,0.007394221145659685,0.030271075976391632,0.9116254051526388,0.07795835534731548,0.3306947723031044,0.029249084492524464,0.8169752359390259,0.16712529336412751,0.7227452993392944,0.08229268901050091,3
