day,positive,trust,joy,love,optimism,negative,pessimism,sadness,surprise,anger,anticipation,disgust,fear,size
2020-08-19,0.25045977514237167,0.03845336199738085,0.18706376641057434,0.01217511212453246,0.1659756861627102,0.6498651474714279,0.06714077824726701,0.23202959522604943,0.10615278240293265,0.39972301200032234,0.2356919191777706,0.41696801856160165,0.13240207061171533,10
