day,positive,trust,joy,love,optimism,negative,pessimism,sadness,surprise,anger,anticipation,disgust,fear,size
2020-09-10,0.2706565265026357,0.027303758025583293,0.2178376845808493,0.027957522698367637,0.11199226385603349,0.7288071430391736,0.13951504044234753,0.3662151601165533,0.048395695785681404,0.48460694071319366,0.15329943618012798,0.5035784716407458,0.05660200739900271,9
