day,positive,trust,joy,love,optimism,negative,pessimism,sadness,surprise,anger,anticipation,disgust,fear,size
2020-09-10,0.037336699664592736,0.007632394786924124,0.018765877932310104,0.009116728790104393,0.02400829829275608,0.9829346537590028,0.057614561170339584,0.1932604759931565,0.022513356059789658,0.9608432054519652,0.04435811191797257,0.9502546787261964,0.02550675347447396,1
