day,positive,trust,joy,love,optimism,negative,pessimism,sadness,surprise,anger,anticipation,disgust,fear,size
2020-08-19,0.031121607869863517,0.00962909869849682,0.011952383443713188,0.01081866305321455,0.01596040278673172,0.9923824667930604,0.04396586865186691,0.23664139211177826,0.019721543416380882,0.9853394031524658,0.05580925568938255,0.9659432768821716,0.10900947451591493,1
