day,positive,trust,joy,love,optimism,negative,pessimism,sadness,surprise,anger,anticipation,disgust,fear,size
2020-09-25,0.03401041403412819,0.014123596251010897,0.009148059412837029,0.0013804802438244224,0.05454092472791672,0.9243454933166504,0.17775949835777285,0.374394953250885,0.26503902673721313,0.6510597467422485,0.2816866934299469,0.7484647035598755,0.19045615196228027,1
