day,positive,trust,joy,love,optimism,negative,pessimism,sadness,surprise,anger,anticipation,disgust,fear,size
2020-08-31,0.284464742988348,0.07412260305136444,0.09806136414408681,0.004652727395296097,0.2285669231787324,0.6888965219259261,0.09161721915006639,0.25093276239931583,0.0904763974249363,0.47918664664030075,0.3193093165755272,0.5234197229146957,0.16174375638365743,2
