sentiment,size
-0.2012529411764706,34
-0.03165,26
-0.296,1
