day,positive,trust,joy,love,optimism,negative,pessimism,sadness,surprise,anger,anticipation,disgust,fear,size
2020-10-23,0.13824540128310522,0.03373831262191137,0.07053843823572,0.007492062325278918,0.09242215007543564,0.6947296758492786,0.04520613762239615,0.13384365662932393,0.05316742261250814,0.6283810958266258,0.282179519534111,0.5602995951970419,0.03343181715657314,3
