day,positive,trust,joy,love,optimism,negative,pessimism,sadness,surprise,anger,anticipation,disgust,fear,size
2020-08-19,0.743161391466856,0.16431803780142218,0.6065608931239694,0.15921465144492686,0.6450278046540916,0.3471982916817069,0.022905884543433785,0.08950430713593961,0.028287719818763435,0.2726295776665211,0.15955647267401218,0.24852258106693625,0.016449629329144955,4
