day,positive,trust,joy,love,optimism,negative,pessimism,sadness,surprise,anger,anticipation,disgust,fear,size
2020-08-31,0.4983934164047241,0.03143996000289917,0.28479140996932983,0.04448521509766579,0.2056141197681427,0.3538691997528076,0.020821262151002884,0.106166809797287,0.03924186527729034,0.04889050498604775,0.31320562958717346,0.09999883919954301,0.018511291593313217,1
