sentiment,size
0.05551914893617021,47
-0.09803958333333335,48
0.12741428571428573,7
