day,positive,trust,joy,love,optimism,negative,pessimism,sadness,surprise,anger,anticipation,disgust,fear,size
2020-10-23,0.4981024960676828,0.05502594510714213,0.46087768860161304,0.05369337042793631,0.2946551479399204,0.47477978467941284,0.024784297061463196,0.09550613475342591,0.051354228829344116,0.3513898868113756,0.4042694953580697,0.33718424787123996,0.057585706313451133,3
