day,positive,trust,joy,love,optimism,negative,pessimism,sadness,surprise,anger,anticipation,disgust,fear,size
2020-08-31,0.2968582920730114,0.021168462466448545,0.15918226726353168,0.023296274594031274,0.15317624062299728,0.594112366437912,0.07970637269318104,0.16955211758613586,0.06018920987844467,0.14493654854595664,0.2870042622089386,0.2744944728910923,0.11177963577210903,2
