day,positive,trust,joy,love,optimism,negative,pessimism,sadness,surprise,anger,anticipation,disgust,fear,size
2020-08-30,0.05241320841014386,0.00781677896156907,0.054497518576681614,0.009407181991264224,0.02110209409147501,0.9509526193141937,0.07598401978611946,0.4678092375397682,0.10329650342464447,0.7792482972145081,0.17274415120482445,0.7771062254905701,0.029969843104481704,2
