day,positive,trust,joy,love,optimism,negative,pessimism,sadness,surprise,anger,anticipation,disgust,fear,size
2020-09-10,0.9215421378612518,0.193970762193203,0.7033629715442657,0.04994674026966095,0.7709248065948486,0.1353947632014751,0.014018850401043892,0.03507099347189069,0.10601349547505379,0.022886134684085846,0.5893919169902802,0.03464840166270733,0.0300483126193285,2
