day,positive,trust,joy,love,optimism,negative,pessimism,sadness,surprise,anger,anticipation,disgust,fear,size
2020-11-03,0.3103470553954442,0.031520494570334755,0.1853221133351326,0.03437355993729499,0.14988094640688765,0.7411392347680198,0.056507445561389126,0.21119742592175803,0.039042267172286906,0.6057435091998842,0.21578983838359514,0.5689535505241818,0.06967910762048429,9
