day,positive,trust,joy,love,optimism,negative,pessimism,sadness,surprise,anger,anticipation,disgust,fear,size
2020-09-25,0.586126146838069,0.04865744325798005,0.5134972329251468,0.02548866847064346,0.33965974673628807,0.3174882307648659,0.030028272012714297,0.07744061085395515,0.08718990068882704,0.17542066215537488,0.42151854932308197,0.24899566173553467,0.0352177016902715,4
