sentiment,size
0.021301136363636362,88
-0.115203125,64
-0.040528571428571435,7
