day,positive,trust,joy,love,optimism,negative,pessimism,sadness,surprise,anger,anticipation,disgust,fear,size
2020-10-23,0.6223699152469635,0.07021596531073253,0.44910622760653496,0.028422649678153295,0.4321308011809985,0.3632583941022555,0.02794761521120866,0.09834517072886229,0.09806857227037351,0.10292726010084152,0.44101790835460025,0.16141068687041601,0.19017908054714402,6
