day,positive,trust,joy,love,optimism,negative,pessimism,sadness,surprise,anger,anticipation,disgust,fear,size
2020-09-10,0.2895731348544359,0.05094045144505799,0.21933901930848757,0.0292993889694723,0.2033325918018818,0.7333033898224434,0.0891301619897907,0.17341892079760632,0.05636833452930053,0.49685155988360447,0.1930088329439362,0.5081494956587752,0.38321188371628523,12
