day,positive,trust,joy,love,optimism,negative,pessimism,sadness,surprise,anger,anticipation,disgust,fear,size
2020-08-19,0.5328932031989098,0.04903169069439173,0.37409208761528134,0.0142158935777843,0.40181246236898005,0.44571031630039215,0.023789386497810486,0.08688070019707084,0.09613254200667143,0.2010980313643813,0.3568360023200512,0.22130155470222235,0.06930107809603217,4
