day,positive,trust,joy,love,optimism,negative,pessimism,sadness,surprise,anger,anticipation,disgust,fear,size
2020-09-25,0.4822637066245079,0.04469031756743789,0.42517534345388414,0.042913831770420074,0.29476348534226415,0.4865521267056465,0.037612317502498625,0.1541801042854786,0.07791748438030481,0.2862214608117938,0.2762600041925907,0.2913263026624918,0.03826903915032744,5
