day,positive,trust,joy,love,optimism,negative,pessimism,sadness,surprise,anger,anticipation,disgust,fear,size
2020-08-31,0.03996079042553902,0.010702878547211489,0.02568231336772442,0.007164362041900556,0.023469900091489155,0.9907317956288656,0.051133049031098686,0.23042472203572592,0.017177673056721687,0.9835399587949117,0.033663888151446976,0.9373973409334818,0.03869348826507727,3
