day,positive,trust,joy,love,optimism,negative,pessimism,sadness,surprise,anger,anticipation,disgust,fear,size
2020-08-30,0.34854482983549434,0.06654635537415743,0.17385057732462883,0.013416443854415169,0.28711598739027977,0.6613255441188812,0.09241388458758593,0.2108070213968555,0.10607410874217749,0.3841140043611328,0.3483304704229037,0.38877816312015057,0.16625379755472144,6
