day,positive,trust,joy,love,optimism,negative,pessimism,sadness,surprise,anger,anticipation,disgust,fear,size
2020-08-30,0.03286045789718628,0.011832986027002336,0.013106212951242924,0.003354809712618589,0.03514746576547624,0.9744406938552856,0.1834636479616165,0.16523844003677368,0.028722677379846576,0.926450788974762,0.10872982442378998,0.8956574797630309,0.1614285260438919,1
