day,positive,trust,joy,love,optimism,negative,pessimism,sadness,surprise,anger,anticipation,disgust,fear,size
2020-10-23,0.3950812164694071,0.04962600488215685,0.2535526528954506,0.02439812896773219,0.23237302154302597,0.5947853550314903,0.05068536102771759,0.12411103583872318,0.05878513213247061,0.5265745371580124,0.2611256204545498,0.5052608177065849,0.022976454813033342,2
