day,positive,trust,joy,love,optimism,negative,pessimism,sadness,surprise,anger,anticipation,disgust,fear,size
2020-07-16,0.02151958458125592,0.005584332626312971,0.020727669820189483,0.007278437726199627,0.026774512603878968,0.9852792024612428,0.06695922464132309,0.41061097383499146,0.023060917854309082,0.9863305091857908,0.02284151874482632,0.9312071204185486,0.04527376964688301,1
