day,positive,trust,joy,love,optimism,negative,pessimism,sadness,surprise,anger,anticipation,disgust,fear,size
2020-09-25,0.9193004965782166,0.08770696073770523,0.919280171394348,0.07316413521766663,0.40421396493911743,0.09419173002243042,0.006667828653007746,0.016634248197078705,0.06945908069610596,0.04550489410758018,0.729439377784729,0.02507832646369934,0.007636603433638811,1
