day,positive,trust,joy,love,optimism,negative,pessimism,sadness,surprise,anger,anticipation,disgust,fear,size
2020-11-03,0.3562235401943326,0.05555573529563844,0.24425851805135607,0.06194998461287469,0.2924958044663072,0.7304949760437012,0.058424109034240244,0.12249785363674164,0.10935683944262564,0.5135649795643985,0.2285862047225237,0.5158318689092993,0.24386627990752457,10
