day,positive,trust,joy,love,optimism,negative,pessimism,sadness,surprise,anger,anticipation,disgust,fear,size
2020-08-18,0.980701506137848,0.2420213967561721,0.9536502361297609,0.2237047553062439,0.6377014517784119,0.04877670854330063,0.005621787626296282,0.021028013899922367,0.12928129732608795,0.028363842517137524,0.4083743989467621,0.02626742608845234,0.012544318102300169,1
