sentiment,size
-0.25465000000000004,10
-0.24305714285714286,7
