day,positive,trust,joy,love,optimism,negative,pessimism,sadness,surprise,anger,anticipation,disgust,fear,size
2020-09-02,0.1682950258255005,0.017849775031208992,0.14348120987415314,0.008623852394521236,0.0963216796517372,0.3213278353214264,0.042193278670310974,0.06429336965084076,0.06378483772277832,0.2203182578086853,0.3599522411823273,0.20821191370487213,0.0158272422850132,1
