day,positive,trust,joy,love,optimism,negative,pessimism,sadness,surprise,anger,anticipation,disgust,fear,size
2020-08-31,0.49483091322084266,0.06049323423455157,0.38383035734295845,0.040517336882961295,0.35565600094075006,0.6721544712781906,0.06464846913392346,0.25503409560769796,0.1574923344887793,0.3898399619696041,0.2578062179187934,0.41092516481876373,0.18290674717475972,6
