day,positive,trust,joy,love,optimism,negative,pessimism,sadness,surprise,anger,anticipation,disgust,fear,size
2020-10-23,0.07883009314537047,0.01098278257995844,0.014883254654705524,0.0026405451353639364,0.045542117208242416,0.9267864227294922,0.08707563579082489,0.15156289935112,0.025588555261492733,0.7866174578666687,0.15118566155433655,0.8559401631355286,0.012258168309926987,1
