day,positive,trust,joy,love,optimism,negative,pessimism,sadness,surprise,anger,anticipation,disgust,fear,size
2020-09-25,0.44982740469276905,0.10114292086412509,0.38018501581003267,0.01873083218621711,0.314724903088063,0.5233285253246626,0.04464224989836415,0.12325311436628301,0.13129183277487755,0.3302096656213204,0.4670022552212079,0.3384668513511618,0.04480485742290815,6
