sentiment,size
-0.014606122448979592,98
-0.13093846153846153,65
0.7372,2
