day,positive,trust,joy,love,optimism,negative,pessimism,sadness,surprise,anger,anticipation,disgust,fear,size
2020-08-30,0.43615366518497467,0.052537540905177586,0.30474513676017523,0.0453061677981168,0.4153552528005092,0.6836915025487542,0.045995025895535946,0.096867592073977,0.04143256042152643,0.44782909261994064,0.1273206602782011,0.49073746614158154,0.30763131100684404,4
