day,positive,trust,joy,love,optimism,negative,pessimism,sadness,surprise,anger,anticipation,disgust,fear,size
2020-09-10,0.4367519229650497,0.04795835167169571,0.2755233719944954,0.015518583077937364,0.2919684462249279,0.4677905455231667,0.04269450716674328,0.11290550827980042,0.18325480837374925,0.28254236802458765,0.34666823148727416,0.28361953645944593,0.049045055732131006,5
