day,positive,trust,joy,love,optimism,negative,pessimism,sadness,surprise,anger,anticipation,disgust,fear,size
2020-09-10,0.2901642357253216,0.03709705381400206,0.18981041782535613,0.014593292255250906,0.16884780721738935,0.709192265841094,0.05949919670820236,0.19155461688271977,0.07580250027504834,0.530589970336719,0.2764875592494553,0.5324416316368363,0.1120981720530174,22
