day,positive,trust,joy,love,optimism,negative,pessimism,sadness,surprise,anger,anticipation,disgust,fear,size
2020-08-31,0.11750195361673832,0.02606456162821915,0.08508454558129112,0.006156785814608965,0.06881340230918592,0.7709289772642983,0.10616933575106992,0.3301891287167867,0.10110284139712651,0.39501458820369506,0.28192216985755497,0.5026794146332476,0.20589887826806968,9
