day,positive,trust,joy,love,optimism,negative,pessimism,sadness,surprise,anger,anticipation,disgust,fear,size
2020-09-25,0.2867108204148032,0.03566088686189191,0.21778907645917076,0.03410202628848227,0.16894413056698712,0.7248891551386226,0.06984104880724441,0.24207808940925382,0.08946222447874871,0.5180228406732733,0.22703724862499672,0.5185138300399889,0.07007059717381542,22
