day,positive,trust,joy,love,optimism,negative,pessimism,sadness,surprise,anger,anticipation,disgust,fear,size
2020-08-30,0.24283785745501518,0.02878056576342455,0.14462302565308555,0.01204543437675706,0.14123324670695833,0.8023703598550388,0.07659110014459916,0.2665535059890577,0.05892038651342903,0.5523326762818864,0.25092530090894016,0.5599831520978894,0.13076939999258944,14
