day,positive,trust,joy,love,optimism,negative,pessimism,sadness,surprise,anger,anticipation,disgust,fear,size
2020-10-23,0.3436296235092662,0.05550448232415048,0.23173519952053373,0.07796568937853655,0.22043294290249998,0.6766708276488564,0.1025284631177783,0.34939561547203496,0.058623585807667536,0.3929794122549621,0.20739443904974245,0.39228821139444003,0.07088377529924567,11
