day,positive,trust,joy,love,optimism,negative,pessimism,sadness,surprise,anger,anticipation,disgust,fear,size
2020-08-19,0.24746115192432294,0.039486113406548444,0.1223326241385869,0.01501035856464031,0.17665727233344858,0.7814807207746939,0.0799938057104803,0.29092597669329157,0.07092076929455454,0.5344527929343961,0.22970495660873977,0.5558858564631506,0.11333238394846293,22
