sentiment,size
-0.018153793103448272,435
-0.022203154574132494,317
-0.1740825,40
