day,positive,trust,joy,love,optimism,negative,pessimism,sadness,surprise,anger,anticipation,disgust,fear,size
2020-09-25,0.43231658078730106,0.09512297878973186,0.3554886756464839,0.030513241712469608,0.1595536987297237,0.4950449224561453,0.03932590130716562,0.1624809349887073,0.3884612172842026,0.29680677177384496,0.5441863983869553,0.3350440333597362,0.15360978338867426,4
