day,positive,trust,joy,love,optimism,negative,pessimism,sadness,surprise,anger,anticipation,disgust,fear,size
2020-09-10,0.11710387308682714,0.025121633761695454,0.04395796039274761,0.005902662008468594,0.09941214974969625,0.7805329114198685,0.05174667255154678,0.17605937804494584,0.10098348930478096,0.6435885759336608,0.26117381400295664,0.6491842099598476,0.05545164751155036,7
