day,positive,trust,joy,love,optimism,negative,pessimism,sadness,surprise,anger,anticipation,disgust,fear,size
2020-08-19,0.3853650186210871,0.06963370476538935,0.15925622110565504,0.011354035542656979,0.2804034873843193,0.5971329212188721,0.046335939317941666,0.10343000975747903,0.07953355585535367,0.39438216884930927,0.3219409870604674,0.42137369016806286,0.1828543817003568,6
