day,positive,trust,joy,love,optimism,negative,pessimism,sadness,surprise,anger,anticipation,disgust,fear,size
2020-08-30,0.04492550231516361,0.010054191946983338,0.016450350545346736,0.006830456340685487,0.03173173740506172,0.9450887322425843,0.08575780317187309,0.27477832734584806,0.07149906978011131,0.8127213418483734,0.10168422311544419,0.799193799495697,0.13007363379001619,5
