day,positive,trust,joy,love,optimism,negative,pessimism,sadness,surprise,anger,anticipation,disgust,fear,size
2020-08-31,0.3452937736042908,0.04249879198947123,0.3299664727279118,0.05586603915851031,0.20246998619820392,0.7315505615302494,0.03117317639823471,0.13075008895248175,0.060400626223002164,0.6400525585881301,0.16774093519364083,0.5906514993735722,0.09591227676719427,7
