day,positive,trust,joy,love,optimism,negative,pessimism,sadness,surprise,anger,anticipation,disgust,fear,size
2020-10-23,0.5460795313119888,0.05935649853199721,0.36377338506281376,0.2029613790800795,0.3823792804032564,0.4297140706330538,0.08208038005977869,0.28512587677687407,0.09109473996795714,0.10786873754113913,0.24701878055930138,0.15242482954636216,0.025954377837479115,4
