sentiment,size
-0.044194594594594586,74
-0.062408450704225356,71
0.3061727272727273,11
