day,positive,trust,joy,love,optimism,negative,pessimism,sadness,surprise,anger,anticipation,disgust,fear,size
2020-10-23,0.07889266312122345,0.009108375757932663,0.035550092036525406,0.003006438879917065,0.044792650267481804,0.9021417299906412,0.04320076294243336,0.23657545447349548,0.034266473104556404,0.8116163611412048,0.14258921643098196,0.7157288193702698,0.05411275662481785,3
