day,positive,trust,joy,love,optimism,negative,pessimism,sadness,surprise,anger,anticipation,disgust,fear,size
2020-08-30,0.31748275924474,0.05388459737878293,0.1183643494732678,0.016597642563283443,0.2320028031244874,0.7827597260475159,0.060689778067171574,0.32651738822460175,0.05619426257908344,0.4789744019508362,0.1916823722422123,0.5072729773819447,0.1982644945383072,4
