sentiment,size
-0.012966336633663374,101
-0.16287349397590362,83
-0.23097000000000004,10
