day,positive,trust,joy,love,optimism,negative,pessimism,sadness,surprise,anger,anticipation,disgust,fear,size
2020-09-10,0.3434244642655055,0.03690081224259403,0.2889712017753886,0.03980276295139143,0.23259991366002294,0.6223672810528014,0.03901976616018348,0.1400552195393377,0.08114987415158087,0.5123598502121038,0.21339083297385109,0.5048741470608447,0.11585427929336826,9
