day,positive,trust,joy,love,optimism,negative,pessimism,sadness,surprise,anger,anticipation,disgust,fear,size
2020-08-31,0.18853135593235493,0.04681027587503195,0.054632228799164295,0.0054826021660119295,0.13539241952821612,0.6822544634342194,0.04566796589642763,0.1286781895905733,0.06442593038082123,0.5509049147367477,0.32345146499574184,0.5211205892264843,0.0589571762830019,2
