day,positive,trust,joy,love,optimism,negative,pessimism,sadness,surprise,anger,anticipation,disgust,fear,size
2020-09-25,0.5636614071713253,0.07891783033582297,0.49495797434991057,0.06355192255101759,0.36523550740358507,0.3610120446167209,0.039801068222996866,0.1669417925348336,0.14741682870821518,0.20475683344358747,0.3488799045709046,0.2083853945474733,0.030516247095709496,11
