day,positive,trust,joy,love,optimism,negative,pessimism,sadness,surprise,anger,anticipation,disgust,fear,size
2020-08-19,0.3289102654904127,0.04320245375856757,0.2340134520083666,0.051519141811877486,0.18367847595363856,0.7363631770014762,0.06748317200690508,0.2478369925171137,0.07200688067823649,0.4902684217318892,0.1944521266967058,0.5034803986549378,0.08500212775543332,10
