day,positive,trust,joy,love,optimism,negative,pessimism,sadness,surprise,anger,anticipation,disgust,fear,size
2020-08-19,0.37656577825546267,0.05359576614573598,0.315675762295723,0.025232343701645732,0.1343985065817833,0.5140330597758294,0.03216937631368637,0.08805223051458597,0.17244557105004785,0.2668675843626261,0.37798465937376025,0.2952626198530197,0.07423609383404255,5
