day,positive,trust,joy,love,optimism,negative,pessimism,sadness,surprise,anger,anticipation,disgust,fear,size
2020-09-25,0.8370721340179443,0.13889974355697632,0.690470278263092,0.08034028857946396,0.2463988959789276,0.47681140899658203,0.04616709798574448,0.07368045300245285,0.9385127425193788,0.07639613747596741,0.6543524861335754,0.13623037934303284,0.246098592877388,1
