day,positive,trust,joy,love,optimism,negative,pessimism,sadness,surprise,anger,anticipation,disgust,fear,size
2020-09-10,0.03975281771272421,0.0068355815795560675,0.014520088210701942,0.005218572526549299,0.025080080144107342,0.9869797627131144,0.08764735360940297,0.1794554591178894,0.010153000708669426,0.9451221426328024,0.0464977410932382,0.9034858147303263,0.35993743563691777,3
