day,positive,trust,joy,love,optimism,negative,pessimism,sadness,surprise,anger,anticipation,disgust,fear,size
2020-08-30,0.36420795942346257,0.03190989838913084,0.3437275681644678,0.06509955087676644,0.18524203759928545,0.6954255799452463,0.1543339245642225,0.37933774168292683,0.025439783620337646,0.475828571865956,0.20491254640122256,0.471428906545043,0.022671190090477467,3
