day,positive,trust,joy,love,optimism,negative,pessimism,sadness,surprise,anger,anticipation,disgust,fear,size
2020-10-23,0.28311939164996147,0.06787106255069376,0.2051722059647242,0.03364323816883067,0.22197334157923856,0.725987285375595,0.038065475722153984,0.21865730608503017,0.07624138767520587,0.5475290765364965,0.17409824579954147,0.5272065624594688,0.056988985588153206,3
