day,positive,trust,joy,love,optimism,negative,pessimism,sadness,surprise,anger,anticipation,disgust,fear,size
2020-08-31,0.5628706365823746,0.0553416982293129,0.5201541520655155,0.47950383916031564,0.24103803932666779,0.5495484322309494,0.018356414511799812,0.16871239803731441,0.0828721709549427,0.05322525277733803,0.29431348852813244,0.10522247105836868,0.18748733308166265,2
