sentiment,size
0.016593939393939397,66
-0.07296666666666668,33
0.36755,2
